n,forder,error
10,0,0.00273861
100,0,2.73861e-05
1000,0,2.73861e-07
10000,0,4.01207e-09
10,1,0.000526409
100,1,5.2704e-06
1000,1,5.27046e-08
10000,1,6.42655e-10
10,2,0.00059081
100,2,5.93147e-06
1000,2,5.93171e-08
10000,2,5.24174e-10
