d,uh,u
0,0.166667,0.166667
0.125,0.165365,0.166341
0.25,0.164062,0.164062
0.375,0.154948,0.157878
0.5,0.145833,0.145833
0.625,0.121094,0.125977
0.75,0.0963542,0.0963542
0.875,0.0481771,0.055013
1,0,0
