d,uh,u
0,0.166667,0.166667
0.05,0.166646,0.166646
0.1,0.1665,0.1665
0.15,0.166104,0.166104
0.2,0.165333,0.165333
0.25,0.164063,0.164062
0.3,0.162167,0.162167
0.35,0.159521,0.159521
0.4,0.156,0.156
0.45,0.151479,0.151479
0.5,0.145833,0.145833
0.55,0.138938,0.138937
0.6,0.130667,0.130667
0.65,0.120896,0.120896
0.7,0.1095,0.1095
0.75,0.0963542,0.0963542
0.8,0.0813333,0.0813333
0.85,0.0643125,0.0643125
0.9,0.0451667,0.0451667
0.95,0.0237708,0.0237708
1,0,0
