d,uh,u
0,0.7,0.0833333
0.5,0.7375,0.078125
1,0.45,0
