d,uh,u
0,1.125,0.166667
0.5,1.16667,0.145833
1,0.708333,0
